alter table location
auto_increment=101;
insert into Location (LocationName, LocationType, ParentID) values ('Indonesia', 'Country', NULL);
insert into Location (LocationName, LocationType, ParentID) values ('Sri Lanka', 'Country', NULL);
insert into Location (LocationName, LocationType, ParentID) values ('India', 'Country', NULL);
insert into Location (LocationName, LocationType, ParentID) values ('Thailand', 'Country', NULL);
insert into Location (LocationName, LocationType, ParentID) values ('Singapore', 'Country', NULL);
insert into Location (LocationName, LocationType, ParentID) values ('United States of America', 'Country', NULL);
insert into Location (LocationName, LocationType, ParentID) values ('Mexico', 'Country', NULL);
insert into Location (LocationName, LocationType, ParentID) values ('England', 'Country', NULL);
insert into Location (LocationName, LocationType, ParentID) values ('France', 'Country', NULL);
insert into Location (LocationName, LocationType, ParentID) values ('Italy', 'Country', NULL);
insert into Location (LocationName, LocationType, ParentID) values ('Germany', 'Country', NULL);
insert into Location (LocationName, LocationType, ParentID) values ('Spain', 'Country', NULL);
insert into Location (LocationName, LocationType, ParentID) values ('Netherlands', 'Country', NULL);
insert into Location (LocationName, LocationType, ParentID) values ('Turkey', 'Country', NULL);
insert into Location (LocationName, LocationType, ParentID) values ('United Arab Emirates', 'Country', NULL);
insert into Location (LocationName, LocationType, ParentID) values ('Qatar', 'Country', NULL);
insert into Location (LocationName, LocationType, ParentID) values ('Japan', 'Country', NULL);
insert into Location (LocationName, LocationType, ParentID) values ('South Korea', 'Country', NULL);
insert into Location (LocationName, LocationType, ParentID) values ('China', 'Country', NULL);
insert into Location (LocationName, LocationType, ParentID) values ('Australia', 'Country', NULL);

alter table location
auto_increment=201;
insert into Location (LocationName, LocationType, ParentID) values ('Delhi', 'State', 103);
insert into Location (LocationName, LocationType, ParentID) values ('Maharashtra', 'State', 103);
insert into Location (LocationName, LocationType, ParentID) values ('Tamil Nadu', 'State', 103);
insert into Location (LocationName, LocationType, ParentID) values ('New York', 'State', 106);
insert into Location (LocationName, LocationType, ParentID) values ('Illinois', 'State', 106);
insert into Location (LocationName, LocationType, ParentID) values ('California', 'State', 106);
insert into Location (LocationName, LocationType, ParentID) values ('Mexico City', 'State', 107);
insert into Location (LocationName, LocationType, ParentID) values ('Bavaria', 'State', 111);
insert into Location (LocationName, LocationType, ParentID) values ('Hesse', 'State', 111);
insert into Location (LocationName, LocationType, ParentID) values ('New South Wales', 'State', 120);
insert into Location (LocationName, LocationType, ParentID) values ('Victoria', 'State', 120);

alter table location
auto_increment=301;
insert into Location (LocationName, LocationType, ParentID) values ('Tangerang', 'City', 101);
insert into Location (LocationName, LocationType, ParentID) values ('Badung', 'City', 101);
insert into Location (LocationName, LocationType, ParentID) values ('Katunayake', 'City', 102);
insert into Location (LocationName, LocationType, ParentID) values ('Mattala', 'City', 102);
insert into Location (LocationName, LocationType, ParentID) values ('Palam', 'City', 201);
insert into Location (LocationName, LocationType, ParentID) values ('Mumbai', 'City', 202);
insert into Location (LocationName, LocationType, ParentID) values ('Chennai', 'City', 203);
insert into Location (LocationName, LocationType, ParentID) values ('Bangkok', 'City', 104);
insert into Location (LocationName, LocationType, ParentID) values ('Changi', 'City', 105);
insert into Location (LocationName, LocationType, ParentID) values ('New York City', 'City', 204);
insert into Location (LocationName, LocationType, ParentID) values ('Chicago', 'City', 205);
insert into Location (LocationName, LocationType, ParentID) values ('Los Angeles', 'City', 206);
insert into Location (LocationName, LocationType, ParentID) values ('San Francisco', 'City', 206);
insert into Location (LocationName, LocationType, ParentID) values ('Venustiano Carranza', 'City', 207);
insert into Location (LocationName, LocationType, ParentID) values ('London', 'City', 108);
insert into Location (LocationName, LocationType, ParentID) values ('Paris', 'City', 109);
insert into Location (LocationName, LocationType, ParentID) values ('Rome', 'City', 110);
insert into Location (LocationName, LocationType, ParentID) values ('Munich', 'City', 208);
insert into Location (LocationName, LocationType, ParentID) values ('Frankfurt', 'City', 209);
insert into Location (LocationName, LocationType, ParentID) values ('Madrid', 'City', 112);
insert into Location (LocationName, LocationType, ParentID) values ('Barcelona', 'City', 112);
insert into Location (LocationName, LocationType, ParentID) values ('Amsterdam', 'City', 113);
insert into Location (LocationName, LocationType, ParentID) values ('Istanbul', 'City', 114);
insert into Location (LocationName, LocationType, ParentID) values ('Dubai', 'City', 115);
insert into Location (LocationName, LocationType, ParentID) values ('Doha', 'City', 116);
insert into Location (LocationName, LocationType, ParentID) values ('Tokyo', 'City', 117);
insert into Location (LocationName, LocationType, ParentID) values ('Seoul', 'City', 118);
insert into Location (LocationName, LocationType, ParentID) values ('Guangzhou', 'City', 119);
insert into Location (LocationName, LocationType, ParentID) values ('Shenzhen', 'City', 119);
insert into Location (LocationName, LocationType, ParentID) values ('Chengdu', 'City', 119);
insert into Location (LocationName, LocationType, ParentID) values ('Beijing', 'City', 119);
insert into Location (LocationName, LocationType, ParentID) values ('Hong Kong', 'City', 119);
insert into Location (LocationName, LocationType, ParentID) values ('Sydney', 'City', 210);
insert into Location (LocationName, LocationType, ParentID) values ('Melbourne', 'City', 211);


insert into Airport values ('CGK', 'Soekarno-Hatta International Airport', '301');
insert into Airport values ('DPS', 'I Gusti Ngurah Rai International Airport', '302');
insert into Airport values ('BIA', 'Bandaranaike International Airport', '303');
insert into Airport values ('HRI', 'Mattala Rajapaksa International Airport', '304');
insert into Airport values ('DEL', 'Indira Gandhi International Airport', '305');
insert into Airport values ('BOM', 'Chhatrapati Shivaji Maharaj International Airport', '306');
insert into Airport values ('MAA', 'Chennai International Airport', '307');
insert into Airport values ('BKK', 'Suvarnabhumi Airport', '308');
insert into Airport values ('DMK', 'Don Mueang International Airport', '308');
insert into Airport values ('SIN', 'Singapore Changi Airport', '309');
insert into Airport values ('JFK', 'John F. Kennedy International Airport', '310');
insert into Airport values ('ORD', "Chicago O'Hare International Airport", '311');
insert into Airport values ('LAX', 'Los Angeles International Airport', '312');
insert into Airport values ('SFO', 'San Francisco International Airport', '313');
insert into Airport values ('MEX', 'Mexico City International Airport', '314');
insert into Airport values ('LHR', 'Heathrow Airport', '315');
insert into Airport values ('LGW', 'Londen Gatwick Airport', '315');
insert into Airport values ('CDG', 'Charles de Gaulle Airport', '316');
insert into Airport values ('ORY', 'Paris Orly Airport', '316');
insert into Airport values ('FCO', 'Leonardo daVinci-Fiumicino Airport', '317');
insert into Airport values ('MUC', 'Munich Franz Josef Strauss Airport', '318');
insert into Airport values ('FRA', 'Frankfurt Airport', '319');
insert into Airport values ('MAD', 'Adolfo Suarez Madrid-Barajas Airport', '320');
insert into Airport values ('BCN', 'Josep Tarradellas Barcelona-El Prat Airport', '321');
insert into Airport values ('AMS', 'Schiphol Amsterdam Airport', '322');
insert into Airport values ('IST', 'Istanbul Airport', '323');
insert into Airport values ('DXB', 'Dubai International Airport', '324');
insert into Airport values ('DOH', 'Hamad International Airport', '325');
insert into Airport values ('HND', 'Tokyo Haneda Airport', '326');
insert into Airport values ('ICN', 'Incheon International Airport', '327');
insert into Airport values ('CAN', 'Guangzhou Baiyun International Airport', '328');
insert into Airport values ('SZX', "Shenzen Bao'an International Airport", '329');
insert into Airport values ('CTU', 'Chengdu Shuangliu International Airport', '330');
insert into Airport values ('PEK', 'Beijing Capital International Airport', '331');
insert into Airport values ('HKG', 'Hong Kong International Airport', '332');
insert into Airport values ('SYD', 'Sydney Kingsford Smith Airport', '333');
insert into Airport values ('MEL', 'Melbourne Airport', '334');


insert into Model values ('Boeing 737', 16, 72, 72);
insert into Model values ('Boeing 747', 20, 132, 232);
insert into Model values ('Boeing 757', 20, 84, 120);
insert into Model values ('Boeing 777', 20, 108, 224);
insert into Model values ('Boeing 787', 20, 102, 168);
insert into Model values ('Airbus A320', 12, 48, 88);
insert into Model values ('Airbus A330', 16, 84, 152);
insert into Model values ('Airbus A350', 20, 96, 216);
insert into Model values ('Airbus A380', 24, 180, 336);

insert into Aircraft values ('G-XLEE', 'Boeing 737');
insert into Aircraft values ('N-WWBQ', 'Boeing 737');
insert into Aircraft values ('FP-EUP', 'Boeing 737');
insert into Aircraft values ('G-TLYK', 'Boeing 747');
insert into Aircraft values ('AS-RWZ', 'Boeing 747');
insert into Aircraft values ('SX-BHR', 'Boeing 757');
insert into Aircraft values ('LE-ATR', 'Boeing 757');
insert into Aircraft values ('J-MPER', 'Boeing 757');
insert into Aircraft values ('HB-JBF', 'Boeing 757');
insert into Aircraft values ('T-FOJL', 'Boeing 777');
insert into Aircraft values ('A-OPFC', 'Boeing 777');
insert into Aircraft values ('DE-QPE', 'Boeing 787');
insert into Aircraft values ('AU-FYH', 'Boeing 787');
insert into Aircraft values ('J-KLLN', 'Boeing 787');
insert into Aircraft values ('HB-XCS', 'Boeing 787');
insert into Aircraft values ('Q-YTKP', 'Airbus A320');
insert into Aircraft values ('Q-RSDD', 'Airbus A320');
insert into Aircraft values ('TX-PTE', 'Airbus A320');
insert into Aircraft values ('JJ-PWE', 'Airbus A320');
insert into Aircraft values ('S-OOPD', 'Airbus A320');
insert into Aircraft values ('L-GLJH', 'Airbus A330');
insert into Aircraft values ('W-RTYO', 'Airbus A330');
insert into Aircraft values ('PP-JGB', 'Airbus A350');
insert into Aircraft values ('RE-ZXC', 'Airbus A350');
insert into Aircraft values ('WO-PFF', 'Airbus A350');
insert into Aircraft values ('VH-AFU', 'Airbus A380');
